Ingredient,Current Amount (grams),Current Amount (ounces),Measurement Unit,Total Cost,Cost Per Measurement Unit,Current Value
Soapy,7554.394999999999,266,oz,400,1.3333333333333333,354
Essential Oil,8359.481999999998,294,grams,500,1.6666666666666667,13932
Apple Juice,9265.369999999999,326,grams,900,2.571428571428572,23825
